country,ai_overall_score,ai_talent,ai_infrastructure,ai_operating_environment,ai_research,ai_development,ai_government_strategy,ai_commercial,ai_scale,ai_intensity,hdi,expected_years_of_schooling,mean_years_of_schooling,internet_usage_pct,gdp_per_capita,rank_ai_overall,rank_hdi,rank_internet,rank_gdp_per_capita,highlight_group,is_top10_ai
United States,100,100,100,96,100,100,83,100,100,73,0.938,15.9,13.9,94.69380188,84534.0407841548,1.0,15.0,21.0,7.0,United States,True
China,54,26,66,70,54,69,66,48,57,33,0.797,15.5,8.0,92.0,13303.1481543868,2.0,54.0,32.0,47.0,China,True
Singapore,32,30,50,55,25,21,59,27,16,100,0.946,16.7,12.0,94.37757178,90674.066632628,3.0,11.0,22.0,4.0,Singapore,True
United Kingdom,30,32,27,90,23,12,65,25,24,49,0.946,17.8,13.5,95.4720993,53246.3676145108,4.0,11.0,18.0,17.0,Other Countries,True
France,28,25,31,70,18,31,59,19,23,47,0.92,16.1,11.8,88.65381638,46103.0840855884,5.0,23.0,42.0,21.0,Other Countries,True
South Korea,27,20,42,64,11,37,69,14,22,46,0.937,16.6,12.7,,,6.0,17.0,,,Other Countries,True
Germany,27,35,32,83,16,14,59,17,23,39,0.959,17.3,14.3,93.49999579,56103.7323182554,6.0,5.0,29.0,14.0,Other Countries,True
Canada,26,26,27,75,15,14,70,23,20,49,0.939,15.9,13.9,94.353302,54340.3477224733,8.0,14.0,24.0,15.0,Other Countries,True
Israel,26,27,25,47,17,19,35,29,14,74,0.919,14.9,13.5,88.18242225,54176.6844383302,8.0,24.0,45.0,16.0,Other Countries,True
India,24,42,15,90,10,13,55,14,24,19,0.685,13.0,6.9,64.9434967,2694.73780859961,10.0,72.0,67.0,67.0,India,True
Japan,20,15,46,54,8,13,54,13,19,24,0.925,15.5,12.7,85.54153081,32487.0778047567,11.0,20.0,49.0,27.0,Other Countries,False
Switzerland,20,30,34,50,18,11,18,12,10,63,0.97,16.7,13.9,97.3443985,103998.186685604,11.0,2.0,10.0,3.0,Other Countries,False
Saudi Arabia,20,4,23,59,3,7,100,21,18,30,0.9,16.9,11.6,100.0,35121.6628687742,11.0,31.0,1.0,25.0,Other Countries,False
Finland,19,17,33,81,9,13,39,13,12,51,0.948,19.5,13.0,93.72405196,53149.7671934051,14.0,10.0,27.0,18.0,Other Countries,False
Australia,18,17,22,77,14,16,29,11,14,38,0.958,20.7,12.9,96.13140106,64603.9856308464,15.0,7.0,12.0,10.0,Other Countries,False
Spain,18,17,26,74,6,10,66,7,15,29,0.918,17.8,10.8,95.7574516,35326.7683069278,15.0,25.0,14.0,24.0,Other Countries,False
Luxembourg,17,21,35,69,9,7,35,8,9,53,0.922,14.4,12.6,98.7606147,137781.681659123,17.0,22.0,6.0,1.0,Other Countries,False
United Arab Emirates,17,6,29,57,11,14,41,13,11,42,0.94,15.6,13.0,100.0,50273.5060469837,17.0,13.0,1.0,19.0,Other Countries,False
Denmark,16,17,25,75,7,5,44,9,11,37,0.962,18.7,13.0,99.76915157,71026.4832271897,19.0,4.0,4.0,9.0,Other Countries,False
Ireland,16,13,26,69,5,14,31,12,10,39,0.949,19.2,11.7,97.18769836,112894.953240805,19.0,9.0,11.0,2.0,Other Countries,False
Italy,16,16,23,100,7,2,53,5,13,24,0.915,16.7,10.8,89.2207202,40385.3413957669,19.0,26.0,40.0,23.0,Other Countries,False
Sweden,16,17,26,88,8,5,23,12,10,39,0.959,19.0,12.7,95.52930428,57117.4877440616,19.0,5.0,17.0,12.0,Other Countries,False
Norway,16,14,25,84,7,2,41,11,10,37,0.97,18.8,13.1,99.0,86785.4334489176,19.0,2.0,5.0,5.0,Other Countries,False
Belgium,14,16,20,66,6,6,27,9,10,29,0.951,19.0,12.7,95.77579144,56614.5679499036,24.0,8.0,13.0,13.0,Other Countries,False
Austria,13,15,22,61,9,3,33,6,9,31,0.93,16.3,12.4,94.91974877,58268.8787651601,25.0,19.0,20.0,11.0,Other Countries,False
Portugal,13,10,22,84,4,8,24,7,9,26,0.89,17.5,9.7,88.48704454,29292.242104753,25.0,34.0,44.0,32.0,Other Countries,False
Brazil,12,12,22,67,3,5,36,7,11,16,0.786,15.8,8.4,84.46347227,10310.5488778166,27.0,59.0,50.0,50.0,Other Countries,False
Russia,12,4,20,67,3,11,41,5,11,15,0.832,13.2,12.4,94.36495368,14889.0185546875,27.0,48.0,23.0,43.0,Other Countries,False
Estonia,12,9,19,59,4,0,29,13,6,39,0.905,16.0,13.6,92.23796204,31428.3547816104,27.0,30.0,31.0,29.0,Other Countries,False
Malta,12,6,21,68,3,9,35,6,8,29,0.924,15.9,12.4,93.86029816,43898.5781808597,27.0,21.0,25.0,22.0,Other Countries,False
Turkey,11,8,16,79,3,4,48,2,10,16,0.853,19.8,9.0,,,31.0,44.0,,,Other Countries,False
Czech Republic,11,10,19,47,4,3,45,4,8,23,0.915,16.8,13.0,87.68776014,31823.3078290564,31.0,26.0,47.0,28.0,Other Countries,False
Poland,11,11,23,64,3,4,31,4,9,19,0.906,16.7,13.2,88.58496367,25103.565661423,31.0,29.0,43.0,33.0,Other Countries,False
Slovenia,11,8,22,76,5,0,28,5,7,26,0.931,17.5,13.0,90.76355487,34301.0318686594,31.0,18.0,37.0,26.0,Other Countries,False
Chile,11,5,25,65,1,1,41,6,9,17,0.878,16.9,11.3,95.590243,16709.8893972307,31.0,39.0,16.0,42.0,Other Countries,False
Malaysia,10,4,29,68,3,2,24,4,8,16,0.819,12.7,11.1,98.0206059,11874.4273684245,36.0,49.0,9.0,49.0,Malaysia,False
Iceland,10,8,36,51,4,0,2,8,5,30,0.972,18.9,13.9,98.209198,86040.5309851288,36.0,1.0,7.0,6.0,Other Countries,False
Hungary,10,7,23,57,2,3,26,5,8,18,0.87,15.5,12.3,93.77898628,23292.3263882478,36.0,40.0,26.0,38.0,Other Countries,False
Greece,9,10,20,27,5,3,17,7,6,21,0.908,20.8,11.6,86.26968886,24626.1481858973,39.0,28.0,48.0,34.0,Other Countries,False
Thailand,9,3,25,48,1,0,45,2,8,12,0.798,15.4,9.0,90.86718789,7346.62022142185,39.0,53.0,36.0,54.0,Thailand,False
Croatia,9,6,16,50,2,0,2,16,7,19,0.889,16.3,12.1,83.63240029,24050.4397933135,39.0,35.0,52.0,35.0,Other Countries,False
Mexico,9,7,18,70,1,3,28,3,8,12,0.789,14.5,9.3,83.12233799,14185.7812248529,39.0,56.0,53.0,44.0,Other Countries,False
Lithuania,9,6,19,58,2,0,34,3,7,18,0.895,16.5,13.6,89.16116293,29384.0189598663,39.0,33.0,41.0,31.0,Other Countries,False
Argentina,9,7,18,77,1,3,28,2,8,12,0.865,18.8,11.2,89.66715228,13969.7836603737,39.0,41.0,39.0,45.0,Other Countries,False
New Zealand,9,10,23,55,4,4,7,4,6,21,0.938,19.3,12.9,93.51930237,49205.1792146792,39.0,15.0,28.0,20.0,Other Countries,False
Indonesia,9,8,14,55,7,0,19,4,8,11,0.728,13.3,8.7,72.78075544,4925.43048751861,39.0,68.0,64.0,60.0,Indonesia,False
Romania,8,5,22,66,1,7,18,1,7,12,0.845,14.1,11.6,91.29048551,20080.2096215595,47.0,45.0,34.0,40.0,Other Countries,False
Colombia,8,5,19,54,0,1,40,1,7,12,0.788,14.3,9.0,79.34543299,7919.20886825345,47.0,58.0,59.0,53.0,Other Countries,False
Egypt,8,5,16,72,2,0,31,2,7,11,0.754,13.1,10.1,,,47.0,64.0,,,Other Countries,False
Bulgaria,8,6,18,50,2,0,35,1,7,15,0.845,15.3,11.5,82.438955,17596.0173663521,47.0,45.0,55.0,41.0,Other Countries,False
Qatar,8,4,23,36,3,0,38,0,6,16,0.886,13.1,10.8,98.08540344,76688.6941743178,47.0,37.0,8.0,8.0,Other Countries,False
Ukraine,8,5,17,62,1,1,30,2,7,12,0.779,13.3,11.1,82.47489929,5389.47314453125,47.0,60.0,54.0,59.0,Other Countries,False
Uruguay,8,5,21,65,0,0,26,2,6,13,0.862,17.5,10.5,91.99109007,23906.5133029408,47.0,42.0,33.0,36.0,Other Countries,False
Serbia,7,7,17,36,2,0,34,1,6,14,0.833,15.0,11.6,87.69071294,13679.2065983557,54.0,47.0,46.0,46.0,Other Countries,False
Vietnam,7,6,22,44,1,0,23,2,6,10,0.766,15.5,9.0,84.15,4717.29028732449,54.0,62.0,51.0,61.0,Vietnam,False
Mauritius,7,1,15,36,1,0,24,8,5,13,0.806,14.2,10.1,73.30793533,11990.7798944837,54.0,51.0,63.0,48.0,Other Countries,False
Iran,7,3,14,32,3,2,30,0,6,9,0.799,14.0,10.8,,,54.0,52.0,,,Other Countries,False
Peru,7,4,18,64,0,0,21,1,6,9,0.794,14.9,10.2,81.95705992,8452.37167056621,54.0,55.0,56.0,52.0,Other Countries,False
Bahrain,7,2,19,49,2,0,6,7,5,12,0.899,15.9,11.1,100.0,29653.5682731534,54.0,32.0,1.0,30.0,Other Countries,False
Jordan,7,2,20,36,3,3,21,1,5,11,0.754,13.1,10.2,95.62244985,4618.09592498567,54.0,64.0,15.0,62.0,Other Countries,False
Oman,6,1,18,36,1,0,36,0,6,10,0.858,13.4,11.9,95.25174678,20285.2272897377,61.0,43.0,19.0,39.0,Other Countries,False
Armenia,6,8,16,49,0,1,2,6,5,14,0.811,14.4,11.3,81.33930206,8556.21406956719,61.0,50.0,58.0,51.0,Other Countries,False
Slovakia,6,7,18,58,2,0,0,4,5,13,0.88,14.9,13.1,,,61.0,38.0,,,Other Countries,False
Philippines,6,1,16,79,0,0,12,1,5,8,0.72,12.8,10.0,67.26300914,3984.8315387656,61.0,69.0,66.0,66.0,Philippines,False
Rwanda,6,2,2,68,0,0,29,2,5,9,0.578,12.6,4.9,31.70330048,999.65456165547,61.0,76.0,74.0,75.0,Other Countries,False
South Africa,5,2,12,49,1,3,2,6,5,8,0.741,13.8,11.6,78.35759735,6267.186814093,66.0,67.0,60.0,56.0,Other Countries,False
Latvia,5,5,19,50,2,0,5,1,4,12,0.889,16.5,13.4,92.70757011,23409.0845154775,66.0,35.0,30.0,37.0,Other Countries,False
Tunisia,5,4,14,36,2,0,15,2,4,10,0.746,14.7,7.6,76.5,4181.13789301228,66.0,66.0,62.0,64.0,Other Countries,False
Ghana,5,1,11,36,0,0,24,3,4,8,0.628,11.4,7.1,72.17569733,2390.77237652715,66.0,74.0,65.0,69.0,Other Countries,False
Nigeria,5,1,5,58,1,0,25,1,5,7,0.56,10.5,7.6,41.21139908,1084.16041805436,66.0,77.0,71.0,74.0,Other Countries,False
Benin,5,0,3,45,0,0,36,1,5,7,0.515,10.4,3.2,33.98379898,1485.38018885134,66.0,79.0,73.0,71.0,Other Countries,False
Bangladesh,5,2,12,44,1,0,22,0,5,6,0.685,12.3,6.8,53.42171316,2593.41611680774,66.0,72.0,70.0,68.0,Other Countries,False
Pakistan,5,4,8,44,1,0,19,1,5,6,0.544,7.9,4.3,57.253,1478.77277977996,66.0,78.0,68.0,72.0,Other Countries,False
Iraq,4,1,15,37,1,0,15,1,4,6,0.695,12.4,6.8,81.47450256,6073.61032342708,74.0,71.0,57.0,57.0,Other Countries,False
Azerbaijan,4,3,16,55,0,0,6,0,4,6,0.789,12.9,11.1,90.43979645,7283.8499076179,74.0,56.0,38.0,55.0,Other Countries,False
Morocco,4,3,16,49,1,1,3,0,4,7,0.71,15.1,6.2,91.2,4153.1943359375,74.0,70.0,35.0,65.0,Other Countries,False
Algeria,4,2,14,40,1,0,10,0,4,6,0.763,15.5,7.4,77.4178009,5752.99076651465,74.0,63.0,61.0,58.0,Other Countries,False
Kenya,4,1,5,68,0,0,2,3,3,6,0.628,11.5,8.6,34.97622513,2132.43452097647,74.0,74.0,72.0,70.0,Other Countries,False
Sri Lanka,4,4,11,45,0,0,3,2,3,7,0.776,13.1,10.8,54.59,4515.56787322732,74.0,61.0,69.0,63.0,Other Countries,False
Ethiopia,2,1,1,36,0,0,2,1,2,2,0.497,9.2,2.4,21.94129944,1133.88279681719,80.0,80.0,75.0,73.0,Other Countries,False
