Entity,Code,Year,AI patent applications per million people - Field: All
Argentina,ARG,2016,0.022778882
Argentina,ARG,2017,0.022579022
Argentina,ARG,2018,0.1567578
Argentina,ARG,2019,0.17788266
Argentina,ARG,2020,0.2212783
Argentina,ARG,2021,0.13241443
Asia,OWID_ASI,2016,2.389568
Asia,OWID_ASI,2017,4.4204783
Asia,OWID_ASI,2018,7.871037
Asia,OWID_ASI,2019,11.938254
Asia,OWID_ASI,2020,16.99279
Asia,OWID_ASI,2021,21.588726
Australia,AUS,2016,9.905481
Australia,AUS,2017,11.726152
Australia,AUS,2018,18.94927
Australia,AUS,2019,22.368105
Australia,AUS,2020,34.726826
Australia,AUS,2021,55.708767
Austria,AUT,2016,1.1444371
Austria,AUT,2017,1.2501734
Austria,AUT,2018,1.3572123
Austria,AUT,2019,0.67560905
Austria,AUT,2020,1.6813501
Austria,AUT,2021,1.6727904
Azerbaijan,AZE,2018,0.09960376
Belgium,BEL,2016,0.17648034
Belgium,BEL,2017,0.17579971
Belgium,BEL,2018,0.6999978
Belgium,BEL,2019,0.17405497
Belgium,BEL,2020,0.5199261
Belgium,BEL,2021,0.691393
Brazil,BRA,2016,0.3936657
Brazil,BRA,2017,0.40546462
Brazil,BRA,2018,0.73748004
Brazil,BRA,2019,0.95924205
Brazil,BRA,2020,0.74283224
Brazil,BRA,2021,0.51061726
Bulgaria,BGR,2017,0.4239898
Bulgaria,BGR,2018,0.5694157
Bulgaria,BGR,2019,0.4300788
Bulgaria,BGR,2020,1.7306887
Bulgaria,BGR,2021,0.5816302
Canada,CAN,2016,9.242616
Canada,CAN,2017,11.519079
Canada,CAN,2018,18.313448
Canada,CAN,2019,20.114902
Canada,CAN,2020,23.158394
Canada,CAN,2021,23.586588
Chile,CHL,2017,0.053882595
Chile,CHL,2018,0.052929137
Chile,CHL,2019,0.05208944
Chile,CHL,2021,0.051397175
China,CHN,2016,5.6742887
China,CHN,2017,10.495238
China,CHN,2018,19.483316
China,CHN,2019,30.855898
China,CHN,2020,46.486725
China,CHN,2021,61.031075
Colombia,COL,2017,0.041553196
Colombia,COL,2019,0.040073745
Colombia,COL,2021,0.039071526
Costa Rica,CRI,2019,0.20001805
Costa Rica,CRI,2020,0.19863644
Croatia,HRV,2018,0.74536604
Croatia,HRV,2019,0.5017136
Croatia,HRV,2020,0.25291127
Cuba,CUB,2020,0.089474656
Czechia,CZE,2017,0.09486457
Czechia,CZE,2018,0.09479631
Czechia,CZE,2019,0.094742976
Czechia,CZE,2020,0.37914228
Czechia,CZE,2021,0.1899212
Denmark,DNK,2016,2.6186254
Denmark,DNK,2017,4.33639
Denmark,DNK,2018,4.832732
Denmark,DNK,2019,4.2995086
Denmark,DNK,2020,3.7725954
Denmark,DNK,2021,1.878167
Europe,OWID_EUR,2016,1.1134032
Europe,OWID_EUR,2017,1.6708921
Europe,OWID_EUR,2018,2.4751487
Europe,OWID_EUR,2019,2.7237282
Europe,OWID_EUR,2020,3.144459
Europe,OWID_EUR,2021,3.0242052
Finland,FIN,2016,1.6377131
Finland,FIN,2017,4.7200656
Finland,FIN,2018,7.7958856
Finland,FIN,2019,6.7007694
Finland,FIN,2020,7.052931
Finland,FIN,2021,7.2188234
France,FRA,2016,1.0140296
France,FRA,2017,1.4857982
France,FRA,2018,2.8083227
France,FRA,2019,3.362267
France,FRA,2020,4.2940416
France,FRA,2021,4.418649
Germany,DEU,2016,2.8636987
Germany,DEU,2017,4.9095106
Germany,DEU,2018,7.7127447
Germany,DEU,2019,10.351944
Germany,DEU,2020,12.412005
Germany,DEU,2021,11.888109
Greece,GRC,2016,0.37121227
Greece,GRC,2017,1.3018979
Greece,GRC,2018,0.8387037
Greece,GRC,2019,0.2798878
Greece,GRC,2020,0.46731722
Greece,GRC,2021,0.75617504
Hungary,HUN,2016,0.7135191
Hungary,HUN,2017,1.1240999
Hungary,HUN,2018,0.71615684
Hungary,HUN,2019,0.9211547
Hungary,HUN,2020,0.9231281
Hungary,HUN,2021,0.8240755
India,IND,2016,0.11607624
India,IND,2017,0.19857943
India,IND,2018,0.19641234
India,IND,2019,0.007919193
India,IND,2020,0.0071295267
India,IND,2021,0.00424267
Indonesia,IDN,2016,0.0075577954
Iran,IRN,2018,0.011611975
Ireland,IRL,2016,0.4207421
Ireland,IRL,2018,0.41046193
Ireland,IRL,2021,0.1988693
Israel,ISR,2016,0.60901296
Israel,ISR,2017,2.5114222
Israel,ISR,2018,2.3501577
Israel,ISR,2019,2.425652
Israel,ISR,2020,2.6135235
Israel,ISR,2021,3.0191464
Italy,ITA,2016,0.34723312
Italy,ITA,2017,0.4636505
Italy,ITA,2018,0.69677746
Italy,ITA,2019,1.0144664
Italy,ITA,2020,1.0849108
Italy,ITA,2021,1.5905077
Japan,JPN,2016,10.640142
Japan,JPN,2017,18.714878
Japan,JPN,2018,28.13729
Japan,JPN,2019,33.472923
Japan,JPN,2020,33.878437
Japan,JPN,2021,33.975353
Jordan,JOR,2017,0.09771134
Jordan,JOR,2019,0.09370409
Jordan,JOR,2021,0.18072796
Kenya,KEN,2016,0.020772884
Latvia,LVA,2017,0.51477426
Latvia,LVA,2020,0.526006
Lithuania,LTU,2016,1.0456208
Lithuania,LTU,2017,1.4137688
Lithuania,LTU,2018,3.5682616
Lithuania,LTU,2019,1.0733234
Lithuania,LTU,2020,1.7884187
Luxembourg,LUX,2016,3.4275274
Luxembourg,LUX,2017,5.0292873
Luxembourg,LUX,2018,14.799978
Luxembourg,LUX,2019,16.12469
Luxembourg,LUX,2020,20.615385
Luxembourg,LUX,2021,59.349407
Malaysia,MYS,2016,0.34602413
Malaysia,MYS,2017,0.9271953
Malaysia,MYS,2018,0.7292403
Malaysia,MYS,2019,0.538268
Malaysia,MYS,2020,0.4721219
Malaysia,MYS,2021,0.14584741
Mexico,MEX,2016,0.35991424
Mexico,MEX,2017,0.5186384
Mexico,MEX,2018,0.7144364
Mexico,MEX,2019,0.82695246
Mexico,MEX,2020,1.0567902
Mexico,MEX,2021,1.0497606
Moldova,MDA,2021,0.3307119
Morocco,MAR,2016,0.085656874
Morocco,MAR,2017,0.14105807
Morocco,MAR,2018,0.19531381
Morocco,MAR,2019,0.19331191
Morocco,MAR,2020,0.054668397
Morocco,MAR,2021,0.05412069
Netherlands,NLD,2016,0.34874207
Netherlands,NLD,2017,0.2887607
Netherlands,NLD,2018,0.7462136
Netherlands,NLD,2019,1.3684957
Netherlands,NLD,2020,1.0772971
Netherlands,NLD,2021,2.53799
New Zealand,NZL,2016,1.2725971
New Zealand,NZL,2017,4.155629
New Zealand,NZL,2018,2.8566532
New Zealand,NZL,2019,2.805943
New Zealand,NZL,2020,1.3806992
New Zealand,NZL,2021,0.78313226
North America,OWID_NAM,2016,11.4392185
North America,OWID_NAM,2017,18.006771
North America,OWID_NAM,2018,24.50388
North America,OWID_NAM,2019,27.046497
North America,OWID_NAM,2020,27.26449
North America,OWID_NAM,2021,23.573902
Norway,NOR,2016,0.5729593
Norway,NOR,2017,0.37901708
Norway,NOR,2018,1.1295711
Norway,NOR,2019,0.9349756
Norway,NOR,2020,1.4871893
Norway,NOR,2021,1.1094506
Oceania,OWID_OCE,2016,5.973798
Oceania,OWID_OCE,2017,7.364472
Oceania,OWID_OCE,2018,11.444453
Oceania,OWID_OCE,2019,13.423888
Oceania,OWID_OCE,2020,20.440432
Oceania,OWID_OCE,2021,32.54146
Oman,OMN,2016,0.22774477
Panama,PAN,2016,0.4963906
Peru,PER,2016,0.09719276
Peru,PER,2017,0.031923752
Peru,PER,2018,0.12540132
Peru,PER,2019,0.061634608
Peru,PER,2020,0.39587587
Peru,PER,2021,0.12064224
Philippines,PHL,2016,0.03747574
Philippines,PHL,2017,0.009249009
Philippines,PHL,2018,0.04567658
Philippines,PHL,2019,0.18952267
Philippines,PHL,2020,0.24089663
Philippines,PHL,2021,0.43324128
Poland,POL,2016,0.4965599
Poland,POL,2017,0.54894835
Poland,POL,2018,0.758347
Poland,POL,2019,0.7848085
Poland,POL,2020,0.6025516
Poland,POL,2021,0.49947026
Portugal,PRT,2016,0.9665219
Portugal,PRT,2017,0.77438056
Portugal,PRT,2018,1.3558856
Portugal,PRT,2019,0.5800903
Portugal,PRT,2020,1.0606991
Portugal,PRT,2021,0.3849501
Romania,ROU,2016,0.10112732
Romania,ROU,2017,0.25394368
Romania,ROU,2018,0.25512972
Romania,ROU,2019,0.30766797
Romania,ROU,2020,0.46409774
Romania,ROU,2021,0.6234363
Russia,RUS,2016,0.9329211
Russia,RUS,2017,1.2449825
Russia,RUS,2018,1.4341309
Russia,RUS,2019,1.1533233
Russia,RUS,2020,1.2912368
Russia,RUS,2021,0.38399252
San Marino,SMR,2018,57.875393
San Marino,SMR,2020,28.738935
Saudi Arabia,SAU,2018,0.06586505
Saudi Arabia,SAU,2021,0.031919945
Serbia,SRB,2016,0.28065908
Serbia,SRB,2017,0.28274518
Serbia,SRB,2018,0.7122493
Serbia,SRB,2019,0.57420486
Serbia,SRB,2020,0.8685816
Serbia,SRB,2021,0.8777796
Singapore,SGP,2016,9.143167
Singapore,SGP,2017,19.806973
Singapore,SGP,2018,35.851418
Singapore,SGP,2019,26.809832
Singapore,SGP,2020,9.25242
Singapore,SGP,2021,0.9015034
Slovakia,SVK,2020,0.73326844
Slovakia,SVK,2021,1.653571
Slovenia,SVN,2016,1.4553365
Slovenia,SVN,2018,3.8656979
Slovenia,SVN,2019,0.47997588
South Africa,ZAF,2016,0.052393008
South Africa,ZAF,2017,0.052051563
South Africa,ZAF,2018,0.11942743
South Africa,ZAF,2019,0.05034581
South Africa,ZAF,2020,0.09907141
South Africa,ZAF,2021,0.35770845
South America,OWID_SAM,2016,0.20319547
South America,OWID_SAM,2017,0.21340604
South America,OWID_SAM,2018,0.39006716
South America,OWID_SAM,2019,0.5005332
South America,OWID_SAM,2020,0.41997725
South America,OWID_SAM,2021,0.28015688
South Korea,KOR,2016,22.652027
South Korea,KOR,2017,46.109383
South Korea,KOR,2018,81.05979
South Korea,KOR,2019,127.78203
South Korea,KOR,2020,159.41461
South Korea,KOR,2021,186.73671
Spain,ESP,2016,1.3694887
Spain,ESP,2017,2.154961
Spain,ESP,2018,2.3995166
Spain,ESP,2019,2.276794
Spain,ESP,2020,2.0973382
Spain,ESP,2021,1.5921009
Sri Lanka,LKA,2016,0.04563967
Sweden,SWE,2016,1.2092775
Sweden,SWE,2017,1.0936716
Sweden,SWE,2018,3.0465634
Sweden,SWE,2019,1.5565535
Sweden,SWE,2020,2.607768
Sweden,SWE,2021,1.9200982
Switzerland,CHE,2016,0.47761747
Switzerland,CHE,2017,0.23658475
Switzerland,CHE,2018,0.4696853
Switzerland,CHE,2019,0.2331675
Switzerland,CHE,2020,0.5786647
Switzerland,CHE,2021,1.2633486
Taiwan,TWN,2016,4.1125846
Taiwan,TWN,2017,7.8703675
Taiwan,TWN,2018,15.089199
Taiwan,TWN,2019,20.993374
Taiwan,TWN,2020,26.496546
Taiwan,TWN,2021,28.440046
Thailand,THA,2017,0.014052803
Tunisia,TUN,2020,0.08351388
Tunisia,TUN,2021,0.3319881
Turkey,TUR,2016,0.09797668
Turkey,TUR,2017,0.13239665
Turkey,TUR,2018,0.2132298
Turkey,TUR,2019,0.2928852
Turkey,TUR,2020,0.53431404
Turkey,TUR,2021,0.69215125
Ukraine,UKR,2016,0.08768693
Ukraine,UKR,2017,0.044017922
Ukraine,UKR,2018,0.08847815
Ukraine,UKR,2019,0.06672976
Ukraine,UKR,2021,0.18059245
United Kingdom,GBR,2016,2.8682709
United Kingdom,GBR,2017,4.1594787
United Kingdom,GBR,2018,6.097152
United Kingdom,GBR,2019,6.3029947
United Kingdom,GBR,2020,6.5477033
United Kingdom,GBR,2021,7.063818
United States,USA,2016,18.931925
United States,USA,2017,30.16815
United States,USA,2018,40.775215
United States,USA,2019,45.027966
United States,USA,2020,45.048237
United States,USA,2021,38.58168
Uruguay,URY,2017,0.29512072
Uruguay,URY,2020,0.29420713
World,OWID_WRL,2016,2.4610527
World,OWID_WRL,2017,4.234452
World,OWID_WRL,2018,6.890384
World,OWID_WRL,2019,9.531327
World,OWID_WRL,2020,12.603395
World,OWID_WRL,2021,15.068927